Model,AUROC,AUPRC,F1,Brier,Sensitivity,Specificity,PPV,NPV,Opt_Threshold
Logistic Regression,0.6378574564314081,0.1532935402859131,0.12052117263843648,0.23197443144464489,0.0784729586426299,0.9779196316450398,0.2596491228070175,0.9149206970824358,0.7296939038167645
XGBoost (Tuned),0.6135323529059267,0.1446557450721141,0.12629896083133493,0.11549843633623569,0.08377518557794274,0.9760359983256592,0.2564935064935065,0.9152193111569031,0.4011179208755493
